customerID,gender,SeniorCitizen,Partner,Dependents,tenure,PhoneService,MultipleLines,InternetService,OnlineSecurity,OnlineBackup,DeviceProtection,TechSupport,StreamingTV,StreamingMovies,Contract,PaperlessBilling,PaymentMethod,MonthlyCharges,TotalCharges,Churn
0001,Female,0,No,No,1,No,No phone service,DSL,No,Yes,No,No,No,No,Month-to-month,Yes,Electronic check,29.85,29.85,No
0002,Male,0,Yes,No,34,Yes,No,DSL,Yes,No,Yes,No,No,No,One year,No,Mailed check,56.95,1889.5,No
0003,Male,0,No,No,2,Yes,No,DSL,Yes,Yes,No,No,No,No,Month-to-month,Yes,Mailed check,53.85,108.15,Yes
0004,Male,0,No,No,45,No,No phone service,DSL,Yes,No,Yes,Yes,No,No,One year,No,Bank transfer (automatic),42.3,1840.75,No
0005,Female,0,No,No,2,Yes,No,Fiber optic,No,No,No,No,No,No,Month-to-month,Yes,Electronic check,70.7,151.65,Yes
0006,Female,0,Yes,Yes,8,Yes,Yes,Fiber optic,No,No,Yes,No,Yes,Yes,Month-to-month,Yes,Electronic check,99.65,820.5,Yes
0007,Male,0,Yes,No,22,Yes,Yes,Fiber optic,No,Yes,No,No,Yes,No,Month-to-month,Yes,Credit card (automatic),89.1,1949.4,No
0008,Female,1,No,No,10,Yes,No,DSL,Yes,No,No,Yes,No,No,Month-to-month,Yes,Electronic check,58.2,580.5,Yes
0009,Male,0,Yes,Yes,62,Yes,Yes,DSL,Yes,Yes,Yes,Yes,Yes,Yes,Two year,No,Bank transfer (automatic),79.2,4900.0,No
0010,Female,0,No,No,3,Yes,No,Fiber optic,No,No,No,No,Yes,Yes,Month-to-month,Yes,Electronic check,95.0,285.0,Yes
0011,Male,1,No,No,70,Yes,Yes,Fiber optic,Yes,Yes,Yes,Yes,Yes,Yes,Two year,No,Credit card (automatic),105.2,7364.0,No
0012,Female,0,Yes,Yes,15,Yes,No,DSL,Yes,Yes,No,No,No,No,One year,No,Mailed check,55.3,829.5,No
0013,Male,0,No,No,5,Yes,Yes,Fiber optic,No,No,No,No,Yes,No,Month-to-month,Yes,Electronic check,88.5,442.5,Yes
0014,Female,1,Yes,No,28,Yes,Yes,Fiber optic,No,No,Yes,No,Yes,Yes,Month-to-month,Yes,Electronic check,101.4,2839.2,Yes
0015,Male,0,Yes,Yes,50,Yes,Yes,DSL,Yes,Yes,Yes,Yes,No,No,Two year,No,Bank transfer (automatic),65.75,3287.5,No
0016,Female,0,No,No,18,Yes,No,DSL,Yes,No,Yes,No,No,No,One year,No,Mailed check,54.9,988.2,No
0017,Male,0,No,No,7,Yes,Yes,Fiber optic,No,No,No,No,Yes,Yes,Month-to-month,Yes,Electronic check,92.1,644.7,Yes
0018,Female,0,Yes,No,36,Yes,No,DSL,Yes,Yes,Yes,Yes,No,No,One year,No,Credit card (automatic),61.25,2205.0,No
0019,Male,1,No,No,12,Yes,Yes,Fiber optic,No,No,Yes,No,Yes,No,Month-to-month,Yes,Electronic check,86.7,1040.4,Yes
0020,Female,0,Yes,Yes,60,Yes,Yes,DSL,Yes,Yes,Yes,Yes,Yes,Yes,Two year,No,Bank transfer (automatic),78.6,4716.0,No
0021,Male,0,No,No,24,Yes,No,No,No internet service,No internet service,No internet service,No internet service,No internet service,No internet service,One year,No,Mailed check,20.15,483.6,No
0022,Female,0,No,No,1,Yes,No,Fiber optic,No,No,No,No,No,No,Month-to-month,Yes,Electronic check,85.6,85.6,Yes
0023,Male,0,Yes,No,40,Yes,Yes,DSL,Yes,No,Yes,Yes,No,No,One year,No,Bank transfer (automatic),63.45,2538.0,No
0024,Female,0,No,No,6,Yes,Yes,Fiber optic,No,No,No,No,Yes,Yes,Month-to-month,Yes,Electronic check,97.3,583.8,Yes
0025,Male,0,Yes,Yes,72,Yes,Yes,DSL,Yes,Yes,Yes,Yes,Yes,Yes,Two year,No,Credit card (automatic),74.85,5389.2,No
0026,Female,1,No,No,4,Yes,No,Fiber optic,No,No,No,No,Yes,No,Month-to-month,Yes,Electronic check,90.25,361.0,Yes
0027,Male,0,Yes,No,31,Yes,Yes,Fiber optic,No,Yes,Yes,No,No,Yes,One year,Yes,Mailed check,82.4,2554.4,No
0028,Female,0,No,Yes,9,Yes,No,DSL,Yes,No,Yes,No,No,No,Month-to-month,No,Mailed check,49.95,449.55,No
0029,Male,0,No,No,14,Yes,Yes,Fiber optic,No,No,No,Yes,Yes,No,Month-to-month,Yes,Electronic check,91.8,1285.2,Yes
0030,Female,0,Yes,Yes,48,Yes,Yes,DSL,Yes,Yes,Yes,Yes,Yes,Yes,Two year,No,Bank transfer (automatic),76.2,3657.6,No
0031,Male,0,No,No,2,Yes,No,Fiber optic,No,No,No,No,No,No,Month-to-month,Yes,Electronic check,72.5,145.0,Yes
0032,Female,0,Yes,No,55,Yes,Yes,DSL,Yes,No,Yes,Yes,Yes,No,One year,No,Credit card (automatic),68.9,3789.5,No
0033,Male,1,No,No,11,Yes,Yes,Fiber optic,No,No,Yes,No,Yes,Yes,Month-to-month,Yes,Electronic check,103.4,1137.4,Yes
0034,Female,0,No,No,29,Yes,No,DSL,Yes,Yes,No,Yes,No,No,One year,No,Mailed check,57.85,1677.65,No
0035,Male,0,Yes,Yes,66,Yes,Yes,Fiber optic,Yes,Yes,Yes,Yes,Yes,Yes,Two year,No,Bank transfer (automatic),94.5,6237.0,No
0036,Female,0,No,No,8,Yes,No,Fiber optic,No,No,No,No,Yes,No,Month-to-month,Yes,Electronic check,83.15,665.2,Yes
0037,Male,0,Yes,No,19,Yes,Yes,DSL,Yes,No,Yes,No,No,No,One year,No,Mailed check,59.6,1132.4,No
0038,Female,1,No,No,3,Yes,No,Fiber optic,No,No,No,No,Yes,Yes,Month-to-month,Yes,Electronic check,96.75,290.25,Yes
0039,Male,0,Yes,Yes,44,Yes,Yes,DSL,Yes,Yes,Yes,Yes,No,No,Two year,No,Credit card (automatic),70.2,3088.8,No
0040,Female,0,No,No,16,Yes,No,DSL,Yes,No,Yes,No,No,No,Month-to-month,No,Mailed check,52.4,838.4,No
